INSERT INTO students (first_name, last_name, email, year, major, degree) VALUES
('Janek', 'Andrich', 'jandrich0@colorado.edu', 'freshman', 'Computer Science', 'BS'),
('Geri', 'Haslock', 'ghaslock1@colorado.edu', 'freshman', 'Computer Science', 'BS'),
('Ewen', 'Deetlefs', 'edeetlefs2@colorado.edu', 'freshman', 'Computer Science', 'BS'),
('Towney', 'Abbess', 'tabbess3@colorado.edu', 'freshman', 'Computer Science', 'BS'),
('Gradey', 'Colter', 'gcolter4@colorado.edu', 'freshman', 'Computer Science', 'BS'),
('Willie', 'Spillman', 'wspillman5@colorado.edu', 'freshman', 'Computer Science', 'BS'),
('Aidan', 'Baggally', 'abaggally6@colorado.edu', 'freshman', 'Computer Science', 'BS'),
('Bee', 'Lendrem', 'blendrem7@colorado.edu', 'freshman', 'Computer Science', 'BS'),
('Osborne', 'Fumagalli', 'ofumagalli8@colorado.edu', 'freshman', 'Computer Science', 'BS'),
('Hurleigh', 'Slocket', 'hslocket9@colorado.edu', 'freshman', 'Computer Science', 'BS'),
('Frederic', 'Robarts', 'frobartsa@colorado.edu', 'freshman', 'Computer Science', 'BS'),
('Fax', 'Frere', 'ffrereb@colorado.edu', 'freshman', 'Computer Science', 'BS'),
('Leia', 'Dudlestone', 'ldudlestonec@colorado.edu', 'freshman', 'Computer Science', 'BS'),
('Christye', 'Murtimer', 'cmurtimerd@colorado.edu', 'freshman', 'Computer Science', 'BS'),
('Edi', 'Horstead', 'ehorsteade@colorado.edu', 'freshman', 'Computer Science', 'BS'),
('Darb', 'Hardiker', 'dhardikerf@colorado.edu', 'freshman', 'Computer Science', 'BS'),
('Frans', 'Woodeson', 'fwoodesong@colorado.edu', 'freshman', 'Computer Science', 'BS'),
('Adrea', 'Musson', 'amussonh@colorado.edu', 'freshman', 'Computer Science', 'BS'),
('Boonie', 'Crosskill', 'bcrosskilli@colorado.edu', 'freshman', 'Computer Science', 'BS'),
('Kermy', 'Pellitt', 'kpellittj@colorado.edu', 'freshman', 'Computer Science', 'BS'),
('Lemar', 'Badsworth', 'lbadsworthk@colorado.edu', 'freshman', 'Computer Science', 'BS'),
('Rosa', 'Heppner', 'rheppnerl@colorado.edu', 'freshman', 'Computer Science', 'BS'),
('Edna', 'Bridgens', 'ebridgensm@colorado.edu', 'freshman', 'Computer Science', 'BS'),
('Freddy', 'Honacker', 'fhonackern@colorado.edu', 'freshman', 'Computer Science', 'BS'),
('Filippa', 'Sandes', 'fsandeso@colorado.edu', 'freshman', 'Computer Science', 'BS'),
('Ebenezer', 'Lauks', 'elauksp@colorado.edu', 'freshman', 'Computer Science', 'BS'),
('Artemis', 'Kitley', 'akitleyq@colorado.edu', 'freshman', 'Computer Science', 'BS'),
('Zared', 'Ferriby', 'zferribyr@colorado.edu', 'freshman', 'Computer Science', 'BS'),
('Fonsie', 'Farryann', 'ffarryanns@colorado.edu', 'freshman', 'Computer Science', 'BS'),
('Vi', 'Vannar', 'vvannart@colorado.edu', 'freshman', 'Computer Science', 'BS'),
('Eddi', 'Andri', 'eandriu@colorado.edu', 'freshman', 'Computer Science', 'BS'),
('Felicle', 'Coughtrey', 'fcoughtreyv@colorado.edu', 'freshman', 'Computer Science', 'BS'),
('Gillie', 'O''Neal', 'gonealw@colorado.edu', 'senior', 'Computer Science', 'BS'),
('Vite', 'Scola', 'vscolax@colorado.edu', 'sophomore', 'Computer Science', 'BS'),
('Lenci', 'Gutans', 'lgutansy@colorado.edu', 'sophomore', 'Computer Science', 'BS'),
('Paolo', 'Giron', 'pgironz@colorado.edu', 'sophomore', 'Computer Science', 'BS'),
('Nananne', 'Miranda', 'nmiranda10@colorado.edu', 'senior', 'Computer Science', 'BS'),
('Sephira', 'Siviour', 'ssiviour11@colorado.edu', 'sophomore', 'Computer Science', 'BS'),
('Petey', 'Rainford', 'prainford12@colorado.edu', 'sophomore', 'Computer Science', 'BS'),
('Moira', 'Chantrell', 'mchantrell13@colorado.edu', 'sophomore', 'Computer Science', 'BS'),
('Allix', 'Ferraresi', 'aferraresi14@colorado.edu', 'senior', 'Computer Science', 'BS'),
('Port', 'Dumblton', 'pdumblton15@colorado.edu', 'sophomore', 'Computer Science', 'BS'),
('Luca', 'Kroll', 'lkroll16@colorado.edu', 'sophomore', 'Computer Science', 'BS'),
('Reine', 'Schroter', 'rschroter17@colorado.edu', 'senior', 'Computer Science', 'BS'),
('Dari', 'Fantin', 'dfantin18@colorado.edu', 'sophomore', 'Computer Science', 'BS'),
('Hedwig', 'Anderbrugge', 'handerbrugge19@colorado.edu', 'sophomore', 'Computer Science', 'BS'),
('Christa', 'Kettlewell', 'ckettlewell1a@colorado.edu', 'sophomore', 'Computer Science', 'BS'),
('Devland', 'Laughlan', 'dlaughlan1b@colorado.edu', 'senior', 'Computer Science', 'BS'),
('Elora', 'Mortell', 'emortell1c@colorado.edu', 'sophomore', 'Computer Science', 'BS'),
('Jo-anne', 'Surgeoner', 'jsurgeoner1d@colorado.edu', 'sophomore', 'Computer Science', 'BS'),
('Elwood', 'Fendlen', 'efendlen1e@colorado.edu', 'senior', 'Computer Science', 'BS'),
('Roxane', 'Lackney', 'rlackney1f@colorado.edu', 'sophomore', 'Computer Science', 'BS'),
('Murielle', 'Hoodspeth', 'mhoodspeth1g@colorado.edu', 'senior', 'Computer Science', 'BS'),
('Sarita', 'Wykes', 'swykes1h@colorado.edu', 'sophomore', 'Computer Science', 'BS'),
('Ashly', 'Sherrett', 'asherrett1i@colorado.edu', 'senior', 'Computer Science', 'BS'),
('Guss', 'Roskelly', 'groskelly1j@colorado.edu', 'sophomore', 'Computer Science', 'BA'),
('Travers', 'Maxfield', 'tmaxfield1k@colorado.edu', 'senior', 'Computer Science', 'BA'),
('Shayne', 'Gisburne', 'sgisburne1l@colorado.edu', 'sophomore', 'Computer Science', 'BA'),
('Betsey', 'Sieghart', 'bsieghart1m@colorado.edu', 'sophomore', 'Computer Science', 'BA'),
('Cory', 'Staley', 'cstaley1n@colorado.edu', 'sophomore', 'Computer Science', 'BA'),
('Adelbert', 'La Wille', 'alawille1o@colorado.edu', 'senior', 'Computer Science', 'BA'),
('Yevette', 'Strother', 'ystrother1p@colorado.edu', 'sophomore', 'Computer Science', 'BA'),
('Basilius', 'Airdrie', 'bairdrie1q@colorado.edu', 'sophomore', 'Computer Science', 'BA'),
('Marshal', 'Fildes', 'mfildes1r@colorado.edu', 'sophomore', 'Computer Science', 'BA'),
('Jo-ann', 'Daoust', 'jdaoust1s@colorado.edu', 'senior', 'Computer Science', 'BA'),
('Lorilyn', 'Burkitt', 'lburkitt1t@colorado.edu', 'sophomore', 'Computer Science', 'BA'),
('Gwenneth', 'Cossem', 'gcossem1u@colorado.edu', 'senior', 'Computer Science', 'BA'),
('Rhetta', 'Mattusov', 'rmattusov1v@colorado.edu', 'sophomore', 'Computer Science', 'BA'),
('Almira', 'Atkinson', 'aatkinson1w@colorado.edu', 'senior', 'Computer Science', 'BA'),
('Appolonia', 'Ide', 'aide1x@colorado.edu', 'sophomore', 'Computer Science', 'BA'),
('Gauthier', 'Cordingley', 'gcordingley1y@colorado.edu', 'sophomore', 'Computer Science', 'BA'),
('Rolph', 'Wogdon', 'rwogdon1z@colorado.edu', 'sophomore', 'Computer Science', 'BA'),
('Briggs', 'Dewis', 'bdewis20@colorado.edu', 'sophomore', 'Computer Science', 'BA'),
('Broderick', 'Wimpeney', 'bwimpeney21@colorado.edu', 'sophomore', 'Computer Science', 'BA'),
('Hillary', 'Ronnay', 'hronnay22@colorado.edu', 'junior', 'Computer Science', 'BA'),
('Blair', 'Jervois', 'bjervois23@colorado.edu', 'senior', 'Computer Science', 'BA'),
('Darin', 'Deftie', 'ddeftie24@colorado.edu', 'junior', 'Computer Science', 'BA'),
('Kerrill', 'Cestard', 'kcestard25@colorado.edu', 'junior', 'Computer Science', 'BA'),
('Auria', 'Winscomb', 'awinscomb26@colorado.edu', 'junior', 'Computer Science', 'BA'),
('Petronille', 'Kernoghan', 'pkernoghan27@colorado.edu', 'junior', 'Computer Science', 'BA'),
('Dedie', 'Pincked', 'dpincked28@colorado.edu', 'junior', 'Computer Science', 'BA'),
('Wernher', 'Ankers', 'wankers29@colorado.edu', 'junior', 'Computer Science', 'BA'),
('Cariotta', 'Vasin', 'cvasin2a@colorado.edu', 'senior', 'Computer Science', 'BA'),
('Serene', 'Uwins', 'suwins2b@colorado.edu', 'junior', 'Computer Science', 'BA'),
('Vittorio', 'Beat', 'vbeat2c@colorado.edu', 'junior', 'Computer Science', 'BA'),
('Saundra', 'Haines', 'shaines2d@colorado.edu', 'junior', 'Computer Science', 'BA'),
('Tana', 'Aslott', 'taslott2e@colorado.edu', 'junior', 'Computer Science', 'BA'),
('Coleen', 'Housecroft', 'chousecroft2f@colorado.edu', 'junior', 'Computer Science', 'BA'),
('Moshe', 'Roycroft', 'mroycroft2g@colorado.edu', 'junior', 'Computer Science', 'BA'),
('Ennis', 'Goodlad', 'egoodlad2h@colorado.edu', 'junior', 'Computer Science', 'BA'),
('Hetti', 'Traill', 'htraill2i@colorado.edu', 'junior', 'Computer Science', 'BA'),
('Stormi', 'Leneham', 'sleneham2j@colorado.edu', 'junior', 'Computer Science', 'BA'),
('Dinah', 'Hughes', 'dhughes2k@colorado.edu', 'senior', 'Computer Science', 'BA'),
('Genna', 'Geldart', 'ggeldart2l@colorado.edu', 'junior', 'Computer Science', 'BA'),
('Kirk', 'Maddinon', 'kmaddinon2m@colorado.edu', 'junior', 'Computer Science', 'BA'),
('Tildi', 'Kuhnel', 'tkuhnel2n@colorado.edu', 'senior', 'Computer Science', 'BA'),
('Cindy', 'Jickles', 'cjickles2o@colorado.edu', 'junior', 'Computer Science', 'BA'),
('Cyrillus', 'Lafond', 'clafond2p@colorado.edu', 'junior', 'Computer Science', 'BA'),
('Tiena', 'Lakenden', 'tlakenden2q@colorado.edu', 'junior', 'Computer Science', 'BA'),
('Ransom', 'Vousden', 'rvousden2r@colorado.edu', 'senior', 'Computer Science', 'BA');

INSERT INTO courses (course_id, course_name, credit_hours) VALUES
(1000,'Computer Science as a Field of Work and Study', 1),
(1300,'Introduction to Programming', 4),
(1200,'Introduction to computational thinking', 3),
(2270,'Data Structures', 4),
(2400,'Computer Systems', 4),
(3308,'Software Development Methods and Tools', 3),
(2824,'Discrete Structures', 3),
(3104,'Algorithms', 4),
(3155,'Principles of Programming Languages', 4),
(3287,'Design and Analysis of Database systems', 3),
(3753,'Design and Analysis of Operating systems', 4),
(2820,'Linear Algebra with Computer Science Applications', 3),
(3202,'Introduction to Artificial Intelligence', 3),
(3022,'Introduction to Data Science', 3),
(3002,'Fundamentals of Human Computer Interaction', 4),
(3010,'Intensive Programming Workshop', 3),
(4253,'Data Center Scale Computing', 3),
(4273,'Network Systems', 3),
(4308,'Software Engineering Project 1', 4),
(4448,'Object-Oriented Analysis and Design', 3),
(4502,'Data Mining', 3);

INSERT INTO student_courses (student_id, course_id) VALUES
(1,1300),(1,2270),(1,3308),(1,2824),(1,2820),(2,2270),(2,3308),(2,2824),(2,2820),(3,2270),(3,3308),(3,2824),(3,2820),(4,2270),(4,3308),(4,2824),(4,2820),(5,2270),(5,3308),(5,2824),(5,2820),(6,2270),(6,3308),(6,2824),(6,2820),(7,2270),(7,3308),(7,2824),(7,2820),(8,2270),(8,3308),(8,2824),(8,2820),(9,2270),(9,3308),(9,2824),(9,2820),(10,2270),(10,3308),(10,2824),(10,2820),(11,2270),(11,3308),(11,2824),(11,2820),(12,2270),(12,3308),(12,2824),(12,2820),(13,2270),(13,3308),(13,2824),(13,2820),(14,2270),(14,3308),(14,2824),(14,2820),(15,2270),(15,3308),(15,2824),(15,2820),(16,2270),(16,3308),(16,2824),(16,2820),(17,2270),(17,3308),(17,2824),(17,2820),(18,2270),(18,3308),(18,2824),(18,2820),(19,2270),(19,3308),(19,2824),(19,2820),(20,2270),(20,3308),(20,2824),(20,2820),(21,2270),(21,3308),(21,2824),(21,2820),(22,2270),(22,3308),(22,2824),(22,2820),(23,2270),(23,3308),(23,2824),(23,2820),(24,2270),(24,3308),(24,2824),(24,2820),(25,2270),(25,3308),(25,2824),(25,2820),(26,2270),(26,3308),(26,2824),(26,2820),(27,2270),(27,3308),(27,2824),(27,2820),(28,2270),(28,3308),(28,2824),(28,2820),(29,2270),(29,3308),(29,2824),(29,2820),(30,2270),(30,3308),(30,2824),(30,2820),(31,2270),(31,3308),(31,2824),(31,2820),(32,2270),(32,3308),(32,2824),(32,2820),(33,2270),(33,3308),(33,2824),(33,2820),(34,2270),(34,3308),(34,2824),(34,2820),(35,2270),(35,3308),(35,2824),(35,2820),(36,2270),(36,3308),(36,2824),(36,2820),(37,2270),(37,3308),(37,2824),(37,2820),(38,2270),(38,3308),(38,2824),(38,2820),(39,2270),(39,3308),(39,2824),(39,2820),(40,2270),(40,3308),(40,2824),(40,2820),(41,2270),(41,3308),(41,2824),(41,2820),(42,2270),(42,3308),(42,2824),(42,2820),(43,2270),(43,3308),(43,2824),(43,2820),(44,2270),(44,3308),(44,2824),(44,2820),(45,2270),(45,3308),(45,2824),(45,2820),(46,2270),(46,3308),(46,2824),(46,2820),(47,2270),(47,3308),(47,2824),(47,2820),(48,2270),(48,3308),(48,2824),(48,2820),(49,2270),(49,3308),(49,2824),(49,2820),(50,2270),(50,3308),(50,2824),(50,2820),(51,2270),(51,3308),(51,2824),(51,2820),(52,2270),(52,3308),(52,2824),(52,2820),(53,2270),(53,3308),(53,2824),(53,2820),(54,2270),(54,3308),(54,2824),(54,2820),(55,2270),(55,3308),(55,2824),(55,2820),(56,2270),(56,3308),(56,2824),(56,2820),(57,2270),(57,3308),(57,2824),(57,2820),(58,2270),(58,3308),(58,2824),(58,2820),(59,2270),(59,3308),(59,2824),(59,2820),(60,2270),(60,3308),(60,2824),(60,2820),(61,2270),(61,3308),(61,2824),(61,2820),(62,2270),(62,3308),(62,2824),(62,2820),(63,2270),(63,3308),(63,2824),(63,2820),(64,2270),(64,3308),(64,2824),(64,2820),(65,2270),(65,3308),(65,2824),(65,2820),(66,2270),(66,3308),(66,2824),(66,2820),(67,2270),(67,3308),(67,2824),(67,2820),(68,2270),(68,3308),(68,2824),(68,2820),(69,2270),(69,3308),(69,2824),(69,2820),(70,2270),(70,3308),(70,2824),(70,2820),(71,2270),(71,3308),(71,2824),(71,2820),(72,2270),(72,3308),(72,2824),(72,2820),(73,2270),(73,3308),(73,2824),(73,2820),(74,2270),(74,3308),(74,2824),(74,2820),(75,2270),(75,3308),(75,2824),(75,2820),(76,2270),(76,3308),(76,2824),(76,2820),(77,2270),(77,3308),(77,2824),(77,2820),(78,2270),(78,3308),(78,2824),(78,2820),(79,2270),(79,3308),(79,2824),(79,2820),(80,2270),(80,3308),(80,2824),(80,2820),(81,2270),(81,3308),(81,2824),(81,2820),(82,2270),(82,3308),(82,2824),(82,2820),(83,2270),(83,3308),(83,2824),(83,2820),(84,2270),(84,3308),(84,2824),(84,2820),(85,2270),(85,3308),(85,2824),(85,2820),(86,2270),(86,3308),(86,2824),(86,2820),(87,2270),(87,3308),(87,2824),(87,2820),(88,2270),(88,3308),(88,2824),(88,2820),(89,2270),(89,3308),(89,2824),(89,2820),(90,2270),(90,3308),(90,2824),(90,2820),(91,2270),(91,3308),(91,2824),(91,2820),(92,2270),(92,3308),(92,2824),(92,2820),(93,2270),(93,3308),(93,2824),(93,2820),(94,2270),(94,3308),(94,2824),(94,2820),(95,2270),(95,3308),(95,2824),(95,2820),(96,2270),(96,3308),(96,2824),(96,2820),(97,2270),(97,3308),(97,2824),(97,2820),(98,2270),(98,3308),(98,2824),(98,2820),(99,2270),(99,3308),(99,2824),(99,2820);

INSERT INTO prerequisites (course_id, prerequisite_id) VALUES
(2270, 1300),
(3308, 2270),
(2824, 1300),
(2400, 2270),
(3104, 2270),
(3104, 2824),
(3155, 2270),
(3155, 2824),
(3287, 2270),
(3753, 2270),
(3753, 2400),
(2820, 2270),
(3202, 2270),
(3202, 2824),
(3202, 3022),
(3022, 2270),
(3022, 2824),
(3002, 2270),
(3010, 2270),
(4253, 3753),
(4273, 3753),
(4308, 3308),
(4448, 3308),
(4502, 2270);
